{
    "numDocumentoIdObligado": "890399020",
    "numFactura": "CN288899",
    "tipoNota": null,
    "numNota": null,
    "usuarios": [
        {
            "tipoDocumentoIdentificacion": "TI",
            "numDocumentoIdentificacion": "1095270000",
            "tipoUsuario": "01",
            "fechaNacimiento": "2024-08-02",
            "codSexo": "F",
            "codPaisResidencia": "169",
            "codMunicipioResidencia": "76001",
            "codZonaTerritorialResidencia": "02",
            "incapacidad": "NO",
            "consecutivo": 1,
            "codPaisOrigen": "169",
            "servicios": {
                "consultas": [
                    {
                        "codPrestador": "760010254101",
                        "fechaInicioAtencion": "02\/08\/2024",
                        "numAutorizacion": "215067629",
                        "codConsulta": "890347",
                        "modalidadGrupoServicioTecSal": "01",
                        "grupoServicios": "01",
                        "codServicio": "328",
                        "finalidadTecnologiaSalud": "10",
                        "causaMotivoAtencion": "38",
                        "codDiagnosticoPrincipal": "K219",
                        "codDiagnosticoRelacionado1": "R104",
                        "codDiagnosticoRelacionado2": "",
                        "codDiagnosticoRelacionado3": "",
                        "tipoDiagnosticoPrincipal": "3",
                        "tipoDocumentoIdentificacion": null,
                        "numDocumentoIdentificacion": null,
                        "vrServicio": null,
                        "conceptoRecaudo": null,
                        "valorPagoModerador": 0,
                        "numFEVPagoModerador": null,
                        "consecutivo": 1
                    }
                ]
            }
        }
    ]
}