{
    "numDocumentoIdObligado": "890399020",
    "numFactura": "CN295056",
    "tipoNota": null,
    "numNota": null,
    "usuarios": [
        {
            "tipoDocumentoIdentificacion": "TI",
            "numDocumentoIdentificacion": "1095270000",
            "tipoUsuario": "01",
            "fechaNacimiento": "ANEXO2",
            "codSexo": "F",
            "codPaisResidencia": "169",
            "codMunicipioResidencia": "76001",
            "codZonaTerritorialResidencia": "02",
            "incapacidad": "NO",
            "consecutivo": 1,
            "codPaisOrigen": "169",
            "servicios": {
                "otrosServicios": [
                    {
                        "codPrestador": "CN-295056",
                        "numAutorizacion": "760010254101",
                        "idMIPRES": "TI",
                        "fechaSuministroTecnologia": "1085553038",
                        "tipoOS": "ANEXO2",
                        "codTecnologiaSalud": "1",
                        "nomTecnologiaSalud": "0206082582",
                        "cantidadOS": 0,
                        "tipoDocumentoIdentificacion": "1",
                        "numDocumentoIdentificacion": "4500",
                        "vrUnitOS": 4500,
                        "vrServicio": null,
                        "conceptoRecaudo": null,
                        "valorPagoModerador": null,
                        "numFEVPagoModerador": null,
                        "consecutivo": 1
                    }
                ]
            }
        }
    ]
}