{
    "numDocumentoIdObligado": "890399020",
    "numFactura": "CN293132",
    "tipoNota": null,
    "numNota": null,
    "usuarios": [
        {
            "tipoDocumentoIdentificacion": "TI",
            "numDocumentoIdentificacion": "1095270000",
            "tipoUsuario": "01",
            "fechaNacimiento": "215297044",
            "codSexo": "F",
            "codPaisResidencia": "169",
            "codMunicipioResidencia": "76001",
            "codZonaTerritorialResidencia": "02",
            "incapacidad": "NO",
            "consecutivo": 1,
            "codPaisOrigen": "169",
            "servicios": {
                "otrosServicios": [
                    {
                        "codPrestador": "CN-293132",
                        "numAutorizacion": "760010254101",
                        "idMIPRES": "RC",
                        "fechaSuministroTecnologia": "1142526989",
                        "tipoOS": "215297044",
                        "codTecnologiaSalud": "1",
                        "nomTecnologiaSalud": "0206081198",
                        "cantidadOS": 0,
                        "tipoDocumentoIdentificacion": "2",
                        "numDocumentoIdentificacion": "20200",
                        "vrUnitOS": 40400,
                        "vrServicio": null,
                        "conceptoRecaudo": null,
                        "valorPagoModerador": null,
                        "numFEVPagoModerador": null,
                        "consecutivo": 1
                    },
                    {
                        "codPrestador": "CN-293132",
                        "numAutorizacion": "760010254101",
                        "idMIPRES": "RC",
                        "fechaSuministroTecnologia": "1142526989",
                        "tipoOS": "215297044",
                        "codTecnologiaSalud": "1",
                        "nomTecnologiaSalud": "0206081199",
                        "cantidadOS": 0,
                        "tipoDocumentoIdentificacion": "2",
                        "numDocumentoIdentificacion": "20200",
                        "vrUnitOS": 40400,
                        "vrServicio": null,
                        "conceptoRecaudo": null,
                        "valorPagoModerador": null,
                        "numFEVPagoModerador": null,
                        "consecutivo": 2
                    },
                    {
                        "codPrestador": "CN-293132",
                        "numAutorizacion": "760010254101",
                        "idMIPRES": "RC",
                        "fechaSuministroTecnologia": "1142526989",
                        "tipoOS": "215297044",
                        "codTecnologiaSalud": "1",
                        "nomTecnologiaSalud": "0206081209",
                        "cantidadOS": 0,
                        "tipoDocumentoIdentificacion": "2",
                        "numDocumentoIdentificacion": "4500",
                        "vrUnitOS": 9000,
                        "vrServicio": null,
                        "conceptoRecaudo": null,
                        "valorPagoModerador": null,
                        "numFEVPagoModerador": null,
                        "consecutivo": 3
                    },
                    {
                        "codPrestador": "CN-293132",
                        "numAutorizacion": "760010254101",
                        "idMIPRES": "RC",
                        "fechaSuministroTecnologia": "1142526989",
                        "tipoOS": "215297051",
                        "codTecnologiaSalud": "3",
                        "nomTecnologiaSalud": "5DS004",
                        "cantidadOS": 0,
                        "tipoDocumentoIdentificacion": "1",
                        "numDocumentoIdentificacion": "62300",
                        "vrUnitOS": 62300,
                        "vrServicio": null,
                        "conceptoRecaudo": null,
                        "valorPagoModerador": null,
                        "numFEVPagoModerador": null,
                        "consecutivo": 4
                    }
                ]
            }
        }
    ]
}