{
    "numDocumentoIdObligado": "890399020",
    "numFactura": "CN294974",
    "tipoNota": null,
    "numNota": null,
    "usuarios": [
        {
            "tipoDocumentoIdentificacion": "TI",
            "numDocumentoIdentificacion": "1095270000",
            "tipoUsuario": "01",
            "fechaNacimiento": "760010254101",
            "codSexo": "F",
            "codPaisResidencia": "169",
            "codMunicipioResidencia": "76001",
            "codZonaTerritorialResidencia": "02",
            "incapacidad": "NO",
            "consecutivo": 1,
            "codPaisOrigen": "169",
            "servicios": {
                "urgencias": [
                    {
                        "codPrestador": "CN-294974",
                        "fechalnicioAtencion": "760010254101",
                        "causaMotivoAtencion": "TI",
                        "codDiagnosticoPrincipal": "1089803183",
                        "codDiagnosticoPrincipalE": "14\/08\/2024",
                        "codDiagnosticoRelacionadoE1": "08:18",
                        "codDiagnosticoRelacionadoE2": "201093381",
                        "codDiagnosticoRelacionadoE3": "13",
                        "condicionDestinoUsuarioEgreso": "J22X",
                        "codDiagnosticoCausaMuerte": "",
                        "fechaEgreso": "",
                        "consecutivo": 1
                    }
                ]
            }
        }
    ]
}