{
    "numDocumentoIdObligado": "890399020",
    "numFactura": "CN293132",
    "tipoNota": null,
    "numNota": null,
    "usuarios": [
        {
            "tipoDocumentoIdentificacion": "TI",
            "numDocumentoIdentificacion": "1095270000",
            "tipoUsuario": "01",
            "fechaNacimiento": "13\/08\/2024",
            "codSexo": "F",
            "codPaisResidencia": "169",
            "codMunicipioResidencia": "76001",
            "codZonaTerritorialResidencia": "02",
            "incapacidad": "NO",
            "consecutivo": 1,
            "codPaisOrigen": "169",
            "servicios": {
                "procedimientos": [
                    {
                        "codPrestador": "760010254101",
                        "fechaInicioAtencion": "13\/08\/2024",
                        "idMIPRES": null,
                        "numAutorizacion": "215297044",
                        "codProcedimiento": "935308",
                        "viaIngresoServicioSalud": "",
                        "modalidadGrupoServicioTecSal": "",
                        "grupoServicios": null,
                        "codServicio": null,
                        "finalidadTecnologiaSalud": "15",
                        "tipoDocumentoIdentificacion": "CC",
                        "numDocumentoIdentificacion": "1112883280",
                        "codDiagnosticoPrincipal": "J46X",
                        "codDiagnosticoRelacionado": "J46X",
                        "codComplicacion": "",
                        "vrServicio": 87702,
                        "conceptoRecaudo": null,
                        "valorPagoModerador": 0,
                        "numFEVPagoModerador": null,
                        "consecutivo": 1
                    },
                    {
                        "codPrestador": "760010254101",
                        "fechaInicioAtencion": "13\/08\/2024",
                        "idMIPRES": null,
                        "numAutorizacion": "215297044",
                        "codProcedimiento": "935308",
                        "viaIngresoServicioSalud": "",
                        "modalidadGrupoServicioTecSal": "",
                        "grupoServicios": null,
                        "codServicio": null,
                        "finalidadTecnologiaSalud": "15",
                        "tipoDocumentoIdentificacion": "CC",
                        "numDocumentoIdentificacion": "1112883280",
                        "codDiagnosticoPrincipal": "J46X",
                        "codDiagnosticoRelacionado": "J46X",
                        "codComplicacion": "",
                        "vrServicio": 87702,
                        "conceptoRecaudo": null,
                        "valorPagoModerador": 0,
                        "numFEVPagoModerador": null,
                        "consecutivo": 2
                    }
                ]
            }
        }
    ]
}