{
    "numDocumentoIdObligado": "890399020",
    "numFactura": "CN294659",
    "tipoNota": null,
    "numNota": null,
    "usuarios": [
        {
            "tipoDocumentoIdentificacion": "TI",
            "numDocumentoIdentificacion": "1095270000",
            "tipoUsuario": "01",
            "fechaNacimiento": "215318841",
            "codSexo": "F",
            "codPaisResidencia": "169",
            "codMunicipioResidencia": "76001",
            "codZonaTerritorialResidencia": "02",
            "incapacidad": "NO",
            "consecutivo": 1,
            "codPaisOrigen": "169",
            "servicios": {
                "otrosServicios": [
                    {
                        "codPrestador": "CN-294659",
                        "numAutorizacion": "760010254101",
                        "idMIPRES": "RC",
                        "fechaSuministroTecnologia": "1142526989",
                        "tipoOS": "215318841",
                        "codTecnologiaSalud": "1",
                        "nomTecnologiaSalud": "0206081198",
                        "cantidadOS": 0,
                        "tipoDocumentoIdentificacion": "6",
                        "numDocumentoIdentificacion": "20200",
                        "vrUnitOS": 121200,
                        "vrServicio": null,
                        "conceptoRecaudo": null,
                        "valorPagoModerador": null,
                        "numFEVPagoModerador": null,
                        "consecutivo": 1
                    },
                    {
                        "codPrestador": "CN-294659",
                        "numAutorizacion": "760010254101",
                        "idMIPRES": "RC",
                        "fechaSuministroTecnologia": "1142526989",
                        "tipoOS": "215318841",
                        "codTecnologiaSalud": "1",
                        "nomTecnologiaSalud": "0206081209",
                        "cantidadOS": 0,
                        "tipoDocumentoIdentificacion": "4",
                        "numDocumentoIdentificacion": "4500",
                        "vrUnitOS": 18000,
                        "vrServicio": null,
                        "conceptoRecaudo": null,
                        "valorPagoModerador": null,
                        "numFEVPagoModerador": null,
                        "consecutivo": 2
                    },
                    {
                        "codPrestador": "CN-294659",
                        "numAutorizacion": "760010254101",
                        "idMIPRES": "RC",
                        "fechaSuministroTecnologia": "1142526989",
                        "tipoOS": "215318848",
                        "codTecnologiaSalud": "3",
                        "nomTecnologiaSalud": "5DS004",
                        "cantidadOS": 0,
                        "tipoDocumentoIdentificacion": "1",
                        "numDocumentoIdentificacion": "62300",
                        "vrUnitOS": 62300,
                        "vrServicio": null,
                        "conceptoRecaudo": null,
                        "valorPagoModerador": null,
                        "numFEVPagoModerador": null,
                        "consecutivo": 3
                    }
                ]
            }
        }
    ]
}