{
    "numDocumentoIdObligado": "890399020",
    "numFactura": "CN291132",
    "tipoNota": null,
    "numNota": null,
    "usuarios": [
        {
            "tipoDocumentoIdentificacion": "TI",
            "numDocumentoIdentificacion": "1095270000",
            "tipoUsuario": "01",
            "fechaNacimiento": "ANEXO4",
            "codSexo": "F",
            "codPaisResidencia": "169",
            "codMunicipioResidencia": "76001",
            "codZonaTerritorialResidencia": "02",
            "incapacidad": "NO",
            "consecutivo": 1,
            "codPaisOrigen": "169",
            "servicios": {
                "otrosServicios": [
                    {
                        "codPrestador": "CN-291132",
                        "numAutorizacion": "760010254101",
                        "idMIPRES": "RC",
                        "fechaSuministroTecnologia": "1116381021",
                        "tipoOS": "ANEXO4",
                        "codTecnologiaSalud": "1",
                        "nomTecnologiaSalud": "0206082582",
                        "cantidadOS": 0,
                        "tipoDocumentoIdentificacion": "1",
                        "numDocumentoIdentificacion": "4500",
                        "vrUnitOS": 4500,
                        "vrServicio": null,
                        "conceptoRecaudo": null,
                        "valorPagoModerador": null,
                        "numFEVPagoModerador": null,
                        "consecutivo": 1
                    }
                ]
            }
        }
    ]
}