{
    "numDocumentoIdObligado": "890399020",
    "numFactura": "CN302292",
    "tipoNota": null,
    "numNota": null,
    "usuarios": [
        {
            "tipoDocumentoIdentificacion": "TI",
            "numDocumentoIdentificacion": "1054884731",
            "tipoUsuario": "01",
            "fechaNacimiento": "260260524",
            "codSexo": "F",
            "codPaisResidencia": "169",
            "codMunicipioResidencia": "76001",
            "codZonaTerritorialResidencia": "02",
            "incapacidad": "NO",
            "consecutivo": 1,
            "codPaisOrigen": "169",
            "servicios": {
                "medicamentos": [
                    {
                        "codPrestador": "CN-302292",
                        "numAutorizacion": "760010254101",
                        "idMIPRES": "TI",
                        "fechaDispensAdmon": "1054884731",
                        "codDiagnosticoPrincipal": "260260524",
                        "codDiagnosticoRelacionado": "22501-10",
                        "tipoMedicamento": "1",
                        "codTecnologiaSalud": "AGUA ESTERIL X 500ML",
                        "nomTecnologiaSalud": "LIQUIDO ESTERIL PARA",
                        "concentracionMedicamento": "",
                        "unidadMedida": "BOLSA",
                        "formaFarmaceutica": "1",
                        "unidadMinDispensa": 3800,
                        "cantidadMedicamento": 3800,
                        "diasTratamiento": 0,
                        "tipoDocumentoIdentificacion": "",
                        "numDocumentoIdentificacion": "",
                        "vrUnitMedicamento": 0,
                        "vrServicio": 0,
                        "conceptoRecaudo": null,
                        "valorPagoModerador": null,
                        "numFEVPagoModerador": null,
                        "consecutivo": 1
                    },
                    {
                        "codPrestador": "CN-302292",
                        "numAutorizacion": "760010254101",
                        "idMIPRES": "TI",
                        "fechaDispensAdmon": "1054884731",
                        "codDiagnosticoPrincipal": "260260524",
                        "codDiagnosticoRelacionado": "150305",
                        "tipoMedicamento": "1",
                        "codTecnologiaSalud": "FRESUBIN 2KCAL DRINK",
                        "nomTecnologiaSalud": "LIQUIDO ORAL",
                        "concentracionMedicamento": "",
                        "unidadMedida": "BOTEL",
                        "formaFarmaceutica": "29",
                        "unidadMinDispensa": 18270,
                        "cantidadMedicamento": 529830,
                        "diasTratamiento": 0,
                        "tipoDocumentoIdentificacion": "",
                        "numDocumentoIdentificacion": "",
                        "vrUnitMedicamento": 0,
                        "vrServicio": 0,
                        "conceptoRecaudo": null,
                        "valorPagoModerador": null,
                        "numFEVPagoModerador": null,
                        "consecutivo": 2
                    },
                    {
                        "codPrestador": "CN-302292",
                        "numAutorizacion": "760010254101",
                        "idMIPRES": "TI",
                        "fechaDispensAdmon": "1054884731",
                        "codDiagnosticoPrincipal": "260260524",
                        "codDiagnosticoRelacionado": "29523-2",
                        "tipoMedicamento": "1",
                        "codTecnologiaSalud": "SOLUCION SALINA 0.9% 50mL",
                        "nomTecnologiaSalud": "SOLUCION INYECTABLE",
                        "concentracionMedicamento": "",
                        "unidadMedida": "BOLSA",
                        "formaFarmaceutica": "3",
                        "unidadMinDispensa": 3360,
                        "cantidadMedicamento": 10080,
                        "diasTratamiento": 0,
                        "tipoDocumentoIdentificacion": "",
                        "numDocumentoIdentificacion": "",
                        "vrUnitMedicamento": 0,
                        "vrServicio": 0,
                        "conceptoRecaudo": null,
                        "valorPagoModerador": null,
                        "numFEVPagoModerador": null,
                        "consecutivo": 3
                    },
                    {
                        "codPrestador": "CN-302292",
                        "numAutorizacion": "760010254101",
                        "idMIPRES": "TI",
                        "fechaDispensAdmon": "1054884731",
                        "codDiagnosticoPrincipal": "260260524",
                        "codDiagnosticoRelacionado": "32606-2",
                        "tipoMedicamento": "1",
                        "codTecnologiaSalud": "HARTMAN 500mL",
                        "nomTecnologiaSalud": "SOLUCION INYECTABLE",
                        "concentracionMedicamento": "0",
                        "unidadMedida": "BOLSA",
                        "formaFarmaceutica": "3",
                        "unidadMinDispensa": 4200,
                        "cantidadMedicamento": 12600,
                        "diasTratamiento": 0,
                        "tipoDocumentoIdentificacion": "",
                        "numDocumentoIdentificacion": "",
                        "vrUnitMedicamento": 0,
                        "vrServicio": 0,
                        "conceptoRecaudo": null,
                        "valorPagoModerador": null,
                        "numFEVPagoModerador": null,
                        "consecutivo": 4
                    },
                    {
                        "codPrestador": "CN-302292",
                        "numAutorizacion": "760010254101",
                        "idMIPRES": "TI",
                        "fechaDispensAdmon": "1054884731",
                        "codDiagnosticoPrincipal": "260260524",
                        "codDiagnosticoRelacionado": "211363-3",
                        "tipoMedicamento": "1",
                        "codTecnologiaSalud": "CLORURO DE POTASIO AMPOLLA",
                        "nomTecnologiaSalud": "SOLUCION INYECTABLE",
                        "concentracionMedicamento": "",
                        "unidadMedida": "AMPOL",
                        "formaFarmaceutica": "2",
                        "unidadMinDispensa": 2415,
                        "cantidadMedicamento": 4830,
                        "diasTratamiento": 0,
                        "tipoDocumentoIdentificacion": "",
                        "numDocumentoIdentificacion": "",
                        "vrUnitMedicamento": 0,
                        "vrServicio": 0,
                        "conceptoRecaudo": null,
                        "valorPagoModerador": null,
                        "numFEVPagoModerador": null,
                        "consecutivo": 5
                    },
                    {
                        "codPrestador": "CN-302292",
                        "numAutorizacion": "760010254101",
                        "idMIPRES": "TI",
                        "fechaDispensAdmon": "1054884731",
                        "codDiagnosticoPrincipal": "260260524",
                        "codDiagnosticoRelacionado": "CN-0102080997",
                        "tipoMedicamento": "1",
                        "codTecnologiaSalud": "HYANEB SOLUCION INHALACION",
                        "nomTecnologiaSalud": "LIQUIDO PARA NEBULIZ",
                        "concentracionMedicamento": "",
                        "unidadMedida": "UNIDA",
                        "formaFarmaceutica": "14",
                        "unidadMinDispensa": 28455,
                        "cantidadMedicamento": 398370,
                        "diasTratamiento": 0,
                        "tipoDocumentoIdentificacion": "",
                        "numDocumentoIdentificacion": "",
                        "vrUnitMedicamento": 0,
                        "vrServicio": 0,
                        "conceptoRecaudo": null,
                        "valorPagoModerador": null,
                        "numFEVPagoModerador": null,
                        "consecutivo": 6
                    },
                    {
                        "codPrestador": "CN-302292",
                        "numAutorizacion": "760010254101",
                        "idMIPRES": "TI",
                        "fechaDispensAdmon": "1054884731",
                        "codDiagnosticoPrincipal": "260260524",
                        "codDiagnosticoRelacionado": "19922562-10",
                        "tipoMedicamento": "1",
                        "codTecnologiaSalud": "DIPIRONA SODICA 1 g\/2 mL",
                        "nomTecnologiaSalud": "SOLUCION INYECTABLE",
                        "concentracionMedicamento": "0",
                        "unidadMedida": "AMPOL",
                        "formaFarmaceutica": "3",
                        "unidadMinDispensa": 2415,
                        "cantidadMedicamento": 7245,
                        "diasTratamiento": 0,
                        "tipoDocumentoIdentificacion": "",
                        "numDocumentoIdentificacion": "",
                        "vrUnitMedicamento": 0,
                        "vrServicio": 0,
                        "conceptoRecaudo": null,
                        "valorPagoModerador": null,
                        "numFEVPagoModerador": null,
                        "consecutivo": 7
                    },
                    {
                        "codPrestador": "CN-302292",
                        "numAutorizacion": "760010254101",
                        "idMIPRES": "TI",
                        "fechaDispensAdmon": "1054884731",
                        "codDiagnosticoPrincipal": "260260524",
                        "codDiagnosticoRelacionado": "207411-4",
                        "tipoMedicamento": "1",
                        "codTecnologiaSalud": "ACETAMI JBE 150mg\/5mL x60ml",
                        "nomTecnologiaSalud": "JARABE",
                        "concentracionMedicamento": "3%",
                        "unidadMedida": "FRASC",
                        "formaFarmaceutica": "1",
                        "unidadMinDispensa": 5775,
                        "cantidadMedicamento": 5775,
                        "diasTratamiento": 0,
                        "tipoDocumentoIdentificacion": "",
                        "numDocumentoIdentificacion": "",
                        "vrUnitMedicamento": 0,
                        "vrServicio": 0,
                        "conceptoRecaudo": null,
                        "valorPagoModerador": null,
                        "numFEVPagoModerador": null,
                        "consecutivo": 8
                    },
                    {
                        "codPrestador": "CN-302292",
                        "numAutorizacion": "760010254101",
                        "idMIPRES": "TI",
                        "fechaDispensAdmon": "1054884731",
                        "codDiagnosticoPrincipal": "260260524",
                        "codDiagnosticoRelacionado": "49658-1",
                        "tipoMedicamento": "1",
                        "codTecnologiaSalud": "OXIGENO MEDICINAL",
                        "nomTecnologiaSalud": "GAS",
                        "concentracionMedicamento": "",
                        "unidadMedida": "LITRO",
                        "formaFarmaceutica": "9800",
                        "unidadMinDispensa": 20,
                        "cantidadMedicamento": 196000,
                        "diasTratamiento": 0,
                        "tipoDocumentoIdentificacion": "",
                        "numDocumentoIdentificacion": "",
                        "vrUnitMedicamento": 0,
                        "vrServicio": 0,
                        "conceptoRecaudo": null,
                        "valorPagoModerador": null,
                        "numFEVPagoModerador": null,
                        "consecutivo": 9
                    },
                    {
                        "codPrestador": "CN-302292",
                        "numAutorizacion": "760010254101",
                        "idMIPRES": "TI",
                        "fechaDispensAdmon": "1054884731",
                        "codDiagnosticoPrincipal": "260260524",
                        "codDiagnosticoRelacionado": "25503-2",
                        "tipoMedicamento": "1",
                        "codTecnologiaSalud": "Dextrosa+SALINA 500mL",
                        "nomTecnologiaSalud": "SOLUCION INYECTABLE",
                        "concentracionMedicamento": "0",
                        "unidadMedida": "BOLSA",
                        "formaFarmaceutica": "3",
                        "unidadMinDispensa": 5775,
                        "cantidadMedicamento": 17325,
                        "diasTratamiento": 0,
                        "tipoDocumentoIdentificacion": "",
                        "numDocumentoIdentificacion": "",
                        "vrUnitMedicamento": 0,
                        "vrServicio": 0,
                        "conceptoRecaudo": null,
                        "valorPagoModerador": null,
                        "numFEVPagoModerador": null,
                        "consecutivo": 10
                    },
                    {
                        "codPrestador": "CN-302292",
                        "numAutorizacion": "760010254101",
                        "idMIPRES": "TI",
                        "fechaDispensAdmon": "1054884731",
                        "codDiagnosticoPrincipal": "260260524",
                        "codDiagnosticoRelacionado": "19900625-1",
                        "tipoMedicamento": "1",
                        "codTecnologiaSalud": "SALBUTL 100mcg INH",
                        "nomTecnologiaSalud": "AEROSOL",
                        "concentracionMedicamento": "0",
                        "unidadMedida": "FRASC",
                        "formaFarmaceutica": "1",
                        "unidadMinDispensa": 26145,
                        "cantidadMedicamento": 26145,
                        "diasTratamiento": 0,
                        "tipoDocumentoIdentificacion": "",
                        "numDocumentoIdentificacion": "",
                        "vrUnitMedicamento": 0,
                        "vrServicio": 0,
                        "conceptoRecaudo": null,
                        "valorPagoModerador": null,
                        "numFEVPagoModerador": null,
                        "consecutivo": 11
                    }
                ]
            }
        }
    ]
}