{
    "numDocumentoIdObligado": "890399020",
    "numFactura": "CN302292",
    "tipoNota": null,
    "numNota": null,
    "usuarios": [
        {
            "tipoDocumentoIdentificacion": "TI",
            "numDocumentoIdentificacion": "1054884731",
            "tipoUsuario": "01",
            "fechaNacimiento": "2024-03-06",
            "codSexo": "F",
            "codPaisResidencia": "169",
            "codMunicipioResidencia": "76001",
            "codZonaTerritorialResidencia": "02",
            "incapacidad": "NO",
            "consecutivo": 1,
            "codPaisOrigen": "169",
            "servicios": {
                "consultas": [
                    {
                        "codPrestador": null,
                        "fechaInicioAtencion": null,
                        "numAutorizacion": null,
                        "codConsulta": null
                    }
                ]
            }
        }
    ]
}