{
    "numDocumentoIdObligado": "890399020",
    "numFactura": "CN302292",
    "tipoNota": null,
    "numNota": null,
    "usuarios": [
        {
            "tipoDocumentoIdentificacion": "TI",
            "numDocumentoIdentificacion": "1054884731",
            "tipoUsuario": "01",
            "fechaNacimiento": "TI",
            "codSexo": "F",
            "codPaisResidencia": "169",
            "codMunicipioResidencia": "76001",
            "codZonaTerritorialResidencia": "02",
            "incapacidad": "NO",
            "consecutivo": 1,
            "codPaisOrigen": "169",
            "servicios": {
                "hospitalizacion": [
                    {
                        "codPrestador": "CN-302292",
                        "viaIngresoServicioSalud": "760010254101",
                        "fechalnicioAtencion": "TI",
                        "numAutorizacion": "1054884731",
                        "causaMotivoAtencion": "1",
                        "codDiagnosticoPrincipal": "06\/03\/2024",
                        "codDiagnosticoPrincipalE": "06:29",
                        "codDiagnosticoRelacionadoE1": "260260524",
                        "codDiagnosticoRelacionadoE2": "13",
                        "codDiagnosticoRelacionadoE3": "J849",
                        "codComplicacion": "J849",
                        "condicionDestinoUsuarioEgreso": "E43X",
                        "codDiagnosticoMuerte": "R64X",
                        "fechaEgreso": "J068",
                        "consecutivo": 1
                    }
                ]
            }
        }
    ]
}