{
    "numDocumentoIdObligado": "890399020",
    "numFactura": "CN302292",
    "tipoNota": null,
    "numNota": null,
    "usuarios": [
        {
            "tipoDocumentoIdentificacion": "TI",
            "numDocumentoIdentificacion": "1054884731",
            "tipoUsuario": "01",
            "fechaNacimiento": "260260524",
            "codSexo": "F",
            "codPaisResidencia": "169",
            "codMunicipioResidencia": "76001",
            "codZonaTerritorialResidencia": "02",
            "incapacidad": "NO",
            "consecutivo": 1,
            "codPaisOrigen": "169",
            "servicios": {
                "otrosServicios": [
                    {
                        "codPrestador": "CN-302292",
                        "numAutorizacion": "760010254101",
                        "idMIPRES": "TI",
                        "fechaSuministroTecnologia": "1054884731",
                        "tipoOS": "260260524",
                        "codTecnologiaSalud": "1",
                        "nomTecnologiaSalud": "0206081498",
                        "cantidadOS": 0,
                        "tipoDocumentoIdentificacion": "1",
                        "numDocumentoIdentificacion": "24255",
                        "vrUnitOS": 24255,
                        "vrServicio": null,
                        "conceptoRecaudo": null,
                        "valorPagoModerador": null,
                        "numFEVPagoModerador": null,
                        "consecutivo": 1
                    },
                    {
                        "codPrestador": "CN-302292",
                        "numAutorizacion": "760010254101",
                        "idMIPRES": "TI",
                        "fechaSuministroTecnologia": "1054884731",
                        "tipoOS": "260260524",
                        "codTecnologiaSalud": "1",
                        "nomTecnologiaSalud": "0206081915",
                        "cantidadOS": 0,
                        "tipoDocumentoIdentificacion": "1",
                        "numDocumentoIdentificacion": "5145",
                        "vrUnitOS": 5145,
                        "vrServicio": null,
                        "conceptoRecaudo": null,
                        "valorPagoModerador": null,
                        "numFEVPagoModerador": null,
                        "consecutivo": 2
                    },
                    {
                        "codPrestador": "CN-302292",
                        "numAutorizacion": "760010254101",
                        "idMIPRES": "TI",
                        "fechaSuministroTecnologia": "1054884731",
                        "tipoOS": "260260524",
                        "codTecnologiaSalud": "1",
                        "nomTecnologiaSalud": "0206080988",
                        "cantidadOS": 0,
                        "tipoDocumentoIdentificacion": "14",
                        "numDocumentoIdentificacion": "420",
                        "vrUnitOS": 5880,
                        "vrServicio": null,
                        "conceptoRecaudo": null,
                        "valorPagoModerador": null,
                        "numFEVPagoModerador": null,
                        "consecutivo": 3
                    },
                    {
                        "codPrestador": "CN-302292",
                        "numAutorizacion": "760010254101",
                        "idMIPRES": "TI",
                        "fechaSuministroTecnologia": "1054884731",
                        "tipoOS": "260260524",
                        "codTecnologiaSalud": "1",
                        "nomTecnologiaSalud": "0206081506",
                        "cantidadOS": 0,
                        "tipoDocumentoIdentificacion": "1",
                        "numDocumentoIdentificacion": "49875",
                        "vrUnitOS": 49875,
                        "vrServicio": null,
                        "conceptoRecaudo": null,
                        "valorPagoModerador": null,
                        "numFEVPagoModerador": null,
                        "consecutivo": 4
                    },
                    {
                        "codPrestador": "CN-302292",
                        "numAutorizacion": "760010254101",
                        "idMIPRES": "TI",
                        "fechaSuministroTecnologia": "1054884731",
                        "tipoOS": "260260524",
                        "codTecnologiaSalud": "1",
                        "nomTecnologiaSalud": "0206081275",
                        "cantidadOS": 0,
                        "tipoDocumentoIdentificacion": "1",
                        "numDocumentoIdentificacion": "15540",
                        "vrUnitOS": 15540,
                        "vrServicio": null,
                        "conceptoRecaudo": null,
                        "valorPagoModerador": null,
                        "numFEVPagoModerador": null,
                        "consecutivo": 5
                    },
                    {
                        "codPrestador": "CN-302292",
                        "numAutorizacion": "760010254101",
                        "idMIPRES": "TI",
                        "fechaSuministroTecnologia": "1054884731",
                        "tipoOS": "260260524",
                        "codTecnologiaSalud": "1",
                        "nomTecnologiaSalud": "0206082389",
                        "cantidadOS": 0,
                        "tipoDocumentoIdentificacion": "2",
                        "numDocumentoIdentificacion": "3465",
                        "vrUnitOS": 6930,
                        "vrServicio": null,
                        "conceptoRecaudo": null,
                        "valorPagoModerador": null,
                        "numFEVPagoModerador": null,
                        "consecutivo": 6
                    },
                    {
                        "codPrestador": "CN-302292",
                        "numAutorizacion": "760010254101",
                        "idMIPRES": "TI",
                        "fechaSuministroTecnologia": "1054884731",
                        "tipoOS": "260260524",
                        "codTecnologiaSalud": "1",
                        "nomTecnologiaSalud": "0206081059",
                        "cantidadOS": 0,
                        "tipoDocumentoIdentificacion": "1",
                        "numDocumentoIdentificacion": "20475",
                        "vrUnitOS": 20475,
                        "vrServicio": null,
                        "conceptoRecaudo": null,
                        "valorPagoModerador": null,
                        "numFEVPagoModerador": null,
                        "consecutivo": 7
                    },
                    {
                        "codPrestador": "CN-302292",
                        "numAutorizacion": "760010254101",
                        "idMIPRES": "TI",
                        "fechaSuministroTecnologia": "1054884731",
                        "tipoOS": "260260524",
                        "codTecnologiaSalud": "1",
                        "nomTecnologiaSalud": "0206081549",
                        "cantidadOS": 0,
                        "tipoDocumentoIdentificacion": "1",
                        "numDocumentoIdentificacion": "29820",
                        "vrUnitOS": 29820,
                        "vrServicio": null,
                        "conceptoRecaudo": null,
                        "valorPagoModerador": null,
                        "numFEVPagoModerador": null,
                        "consecutivo": 8
                    },
                    {
                        "codPrestador": "CN-302292",
                        "numAutorizacion": "760010254101",
                        "idMIPRES": "TI",
                        "fechaSuministroTecnologia": "1054884731",
                        "tipoOS": "260260524",
                        "codTecnologiaSalud": "1",
                        "nomTecnologiaSalud": "0206082517",
                        "cantidadOS": 0,
                        "tipoDocumentoIdentificacion": "1",
                        "numDocumentoIdentificacion": "3800",
                        "vrUnitOS": 3800,
                        "vrServicio": null,
                        "conceptoRecaudo": null,
                        "valorPagoModerador": null,
                        "numFEVPagoModerador": null,
                        "consecutivo": 9
                    },
                    {
                        "codPrestador": "CN-302292",
                        "numAutorizacion": "760010254101",
                        "idMIPRES": "TI",
                        "fechaSuministroTecnologia": "1054884731",
                        "tipoOS": "260260524",
                        "codTecnologiaSalud": "1",
                        "nomTecnologiaSalud": "0206081147",
                        "cantidadOS": 0,
                        "tipoDocumentoIdentificacion": "1",
                        "numDocumentoIdentificacion": "9660",
                        "vrUnitOS": 9660,
                        "vrServicio": null,
                        "conceptoRecaudo": null,
                        "valorPagoModerador": null,
                        "numFEVPagoModerador": null,
                        "consecutivo": 10
                    },
                    {
                        "codPrestador": "CN-302292",
                        "numAutorizacion": "760010254101",
                        "idMIPRES": "TI",
                        "fechaSuministroTecnologia": "1054884731",
                        "tipoOS": "260260524",
                        "codTecnologiaSalud": "1",
                        "nomTecnologiaSalud": "0206080717",
                        "cantidadOS": 0,
                        "tipoDocumentoIdentificacion": "1",
                        "numDocumentoIdentificacion": "4305",
                        "vrUnitOS": 4305,
                        "vrServicio": null,
                        "conceptoRecaudo": null,
                        "valorPagoModerador": null,
                        "numFEVPagoModerador": null,
                        "consecutivo": 11
                    },
                    {
                        "codPrestador": "CN-302292",
                        "numAutorizacion": "760010254101",
                        "idMIPRES": "TI",
                        "fechaSuministroTecnologia": "1054884731",
                        "tipoOS": "260260524",
                        "codTecnologiaSalud": "1",
                        "nomTecnologiaSalud": "0206082417",
                        "cantidadOS": 0,
                        "tipoDocumentoIdentificacion": "1",
                        "numDocumentoIdentificacion": "51450",
                        "vrUnitOS": 51450,
                        "vrServicio": null,
                        "conceptoRecaudo": null,
                        "valorPagoModerador": null,
                        "numFEVPagoModerador": null,
                        "consecutivo": 12
                    },
                    {
                        "codPrestador": "CN-302292",
                        "numAutorizacion": "760010254101",
                        "idMIPRES": "TI",
                        "fechaSuministroTecnologia": "1054884731",
                        "tipoOS": "260260524",
                        "codTecnologiaSalud": "1",
                        "nomTecnologiaSalud": "0206081014",
                        "cantidadOS": 0,
                        "tipoDocumentoIdentificacion": "2",
                        "numDocumentoIdentificacion": "4200",
                        "vrUnitOS": 8400,
                        "vrServicio": null,
                        "conceptoRecaudo": null,
                        "valorPagoModerador": null,
                        "numFEVPagoModerador": null,
                        "consecutivo": 13
                    },
                    {
                        "codPrestador": "CN-302292",
                        "numAutorizacion": "760010254101",
                        "idMIPRES": "TI",
                        "fechaSuministroTecnologia": "1054884731",
                        "tipoOS": "260260524",
                        "codTecnologiaSalud": "1",
                        "nomTecnologiaSalud": "0206081482",
                        "cantidadOS": 0,
                        "tipoDocumentoIdentificacion": "2",
                        "numDocumentoIdentificacion": "48195",
                        "vrUnitOS": 96390,
                        "vrServicio": null,
                        "conceptoRecaudo": null,
                        "valorPagoModerador": null,
                        "numFEVPagoModerador": null,
                        "consecutivo": 14
                    },
                    {
                        "codPrestador": "CN-302292",
                        "numAutorizacion": "760010254101",
                        "idMIPRES": "TI",
                        "fechaSuministroTecnologia": "1054884731",
                        "tipoOS": "260260524",
                        "codTecnologiaSalud": "1",
                        "nomTecnologiaSalud": "0206080914",
                        "cantidadOS": 0,
                        "tipoDocumentoIdentificacion": "2",
                        "numDocumentoIdentificacion": "420",
                        "vrUnitOS": 840,
                        "vrServicio": null,
                        "conceptoRecaudo": null,
                        "valorPagoModerador": null,
                        "numFEVPagoModerador": null,
                        "consecutivo": 15
                    },
                    {
                        "codPrestador": "CN-302292",
                        "numAutorizacion": "760010254101",
                        "idMIPRES": "TI",
                        "fechaSuministroTecnologia": "1054884731",
                        "tipoOS": "260260524",
                        "codTecnologiaSalud": "1",
                        "nomTecnologiaSalud": "0206080985",
                        "cantidadOS": 0,
                        "tipoDocumentoIdentificacion": "11",
                        "numDocumentoIdentificacion": "630",
                        "vrUnitOS": 6930,
                        "vrServicio": null,
                        "conceptoRecaudo": null,
                        "valorPagoModerador": null,
                        "numFEVPagoModerador": null,
                        "consecutivo": 16
                    },
                    {
                        "codPrestador": "CN-302292",
                        "numAutorizacion": "760010254101",
                        "idMIPRES": "TI",
                        "fechaSuministroTecnologia": "1054884731",
                        "tipoOS": "260260524",
                        "codTecnologiaSalud": "1",
                        "nomTecnologiaSalud": "0206082132",
                        "cantidadOS": 0,
                        "tipoDocumentoIdentificacion": "1",
                        "numDocumentoIdentificacion": "6930",
                        "vrUnitOS": 6930,
                        "vrServicio": null,
                        "conceptoRecaudo": null,
                        "valorPagoModerador": null,
                        "numFEVPagoModerador": null,
                        "consecutivo": 17
                    },
                    {
                        "codPrestador": "CN-302292",
                        "numAutorizacion": "760010254101",
                        "idMIPRES": "TI",
                        "fechaSuministroTecnologia": "1054884731",
                        "tipoOS": "260260524",
                        "codTecnologiaSalud": "1",
                        "nomTecnologiaSalud": "0206080961",
                        "cantidadOS": 0,
                        "tipoDocumentoIdentificacion": "1",
                        "numDocumentoIdentificacion": "7140",
                        "vrUnitOS": 7140,
                        "vrServicio": null,
                        "conceptoRecaudo": null,
                        "valorPagoModerador": null,
                        "numFEVPagoModerador": null,
                        "consecutivo": 18
                    },
                    {
                        "codPrestador": "CN-302292",
                        "numAutorizacion": "760010254101",
                        "idMIPRES": "TI",
                        "fechaSuministroTecnologia": "1054884731",
                        "tipoOS": "260260524",
                        "codTecnologiaSalud": "1",
                        "nomTecnologiaSalud": "0206082388",
                        "cantidadOS": 0,
                        "tipoDocumentoIdentificacion": "6",
                        "numDocumentoIdentificacion": "3150",
                        "vrUnitOS": 18900,
                        "vrServicio": null,
                        "conceptoRecaudo": null,
                        "valorPagoModerador": null,
                        "numFEVPagoModerador": null,
                        "consecutivo": 19
                    },
                    {
                        "codPrestador": "CN-302292",
                        "numAutorizacion": "760010254101",
                        "idMIPRES": "TI",
                        "fechaSuministroTecnologia": "1054884731",
                        "tipoOS": "260260524",
                        "codTecnologiaSalud": "1",
                        "nomTecnologiaSalud": "0206080897",
                        "cantidadOS": 0,
                        "tipoDocumentoIdentificacion": "1",
                        "numDocumentoIdentificacion": "2625",
                        "vrUnitOS": 2625,
                        "vrServicio": null,
                        "conceptoRecaudo": null,
                        "valorPagoModerador": null,
                        "numFEVPagoModerador": null,
                        "consecutivo": 20
                    },
                    {
                        "codPrestador": "CN-302292",
                        "numAutorizacion": "760010254101",
                        "idMIPRES": "TI",
                        "fechaSuministroTecnologia": "1054884731",
                        "tipoOS": "260260524",
                        "codTecnologiaSalud": "3",
                        "nomTecnologiaSalud": "130M02",
                        "cantidadOS": 0,
                        "tipoDocumentoIdentificacion": "1",
                        "numDocumentoIdentificacion": "171800",
                        "vrUnitOS": 171800,
                        "vrServicio": null,
                        "conceptoRecaudo": null,
                        "valorPagoModerador": null,
                        "numFEVPagoModerador": null,
                        "consecutivo": 21
                    },
                    {
                        "codPrestador": "CN-302292",
                        "numAutorizacion": "760010254101",
                        "idMIPRES": "TI",
                        "fechaSuministroTecnologia": "1054884731",
                        "tipoOS": "260260524",
                        "codTecnologiaSalud": "3",
                        "nomTecnologiaSalud": "130M01",
                        "cantidadOS": 0,
                        "tipoDocumentoIdentificacion": "4",
                        "numDocumentoIdentificacion": "381900",
                        "vrUnitOS": 1527600,
                        "vrServicio": null,
                        "conceptoRecaudo": null,
                        "valorPagoModerador": null,
                        "numFEVPagoModerador": null,
                        "consecutivo": 22
                    },
                    {
                        "codPrestador": "CN-302292",
                        "numAutorizacion": "760010254101",
                        "idMIPRES": "TI",
                        "fechaSuministroTecnologia": "1054884731",
                        "tipoOS": "260260524",
                        "codTecnologiaSalud": "3",
                        "nomTecnologiaSalud": "130M01",
                        "cantidadOS": 0,
                        "tipoDocumentoIdentificacion": "4",
                        "numDocumentoIdentificacion": "381900",
                        "vrUnitOS": 1527600,
                        "vrServicio": null,
                        "conceptoRecaudo": null,
                        "valorPagoModerador": null,
                        "numFEVPagoModerador": null,
                        "consecutivo": 23
                    },
                    {
                        "codPrestador": "CN-302292",
                        "numAutorizacion": "760010254101",
                        "idMIPRES": "TI",
                        "fechaSuministroTecnologia": "1054884731",
                        "tipoOS": "260260524",
                        "codTecnologiaSalud": "3",
                        "nomTecnologiaSalud": "130M01",
                        "cantidadOS": 0,
                        "tipoDocumentoIdentificacion": "6",
                        "numDocumentoIdentificacion": "381900",
                        "vrUnitOS": 2291400,
                        "vrServicio": null,
                        "conceptoRecaudo": null,
                        "valorPagoModerador": null,
                        "numFEVPagoModerador": null,
                        "consecutivo": 24
                    }
                ]
            }
        }
    ]
}