{
    "numDocumentoIdObligado": "890399020",
    "numFactura": "CN302292",
    "tipoNota": null,
    "numNota": null,
    "usuarios": [
        {
            "tipoDocumentoIdentificacion": "TI",
            "numDocumentoIdentificacion": "1054884731",
            "tipoUsuario": "01",
            "fechaNacimiento": "06\/03\/2024",
            "codSexo": "F",
            "codPaisResidencia": "169",
            "codMunicipioResidencia": "76001",
            "codZonaTerritorialResidencia": "02",
            "incapacidad": "NO",
            "consecutivo": 1,
            "codPaisOrigen": "169",
            "servicios": {
                "procedimientos": [
                    {
                        "codPrestador": "760010254101",
                        "fechaInicioAtencion": "06\/03\/2024",
                        "idMIPRES": null,
                        "numAutorizacion": "260260524",
                        "codProcedimiento": "871121",
                        "viaIngresoServicioSalud": "",
                        "modalidadGrupoServicioTecSal": "",
                        "grupoServicios": null,
                        "codServicio": null,
                        "finalidadTecnologiaSalud": "15",
                        "tipoDocumentoIdentificacion": "CC",
                        "numDocumentoIdentificacion": "1112883280",
                        "codDiagnosticoPrincipal": "J46X",
                        "codDiagnosticoRelacionado": "J46X",
                        "codComplicacion": "",
                        "vrServicio": 87702,
                        "conceptoRecaudo": null,
                        "valorPagoModerador": 0,
                        "numFEVPagoModerador": null,
                        "consecutivo": 1
                    },
                    {
                        "codPrestador": "760010254101",
                        "fechaInicioAtencion": "06\/03\/2024",
                        "idMIPRES": null,
                        "numAutorizacion": "260260524",
                        "codProcedimiento": "906321",
                        "viaIngresoServicioSalud": "",
                        "modalidadGrupoServicioTecSal": "",
                        "grupoServicios": null,
                        "codServicio": null,
                        "finalidadTecnologiaSalud": "15",
                        "tipoDocumentoIdentificacion": "CC",
                        "numDocumentoIdentificacion": "1112883280",
                        "codDiagnosticoPrincipal": "J46X",
                        "codDiagnosticoRelacionado": "J46X",
                        "codComplicacion": "",
                        "vrServicio": 87702,
                        "conceptoRecaudo": null,
                        "valorPagoModerador": 0,
                        "numFEVPagoModerador": null,
                        "consecutivo": 2
                    },
                    {
                        "codPrestador": "760010254101",
                        "fechaInicioAtencion": "06\/03\/2024",
                        "idMIPRES": null,
                        "numAutorizacion": "260260524",
                        "codProcedimiento": "902209",
                        "viaIngresoServicioSalud": "",
                        "modalidadGrupoServicioTecSal": "",
                        "grupoServicios": null,
                        "codServicio": null,
                        "finalidadTecnologiaSalud": "15",
                        "tipoDocumentoIdentificacion": "CC",
                        "numDocumentoIdentificacion": "1112883280",
                        "codDiagnosticoPrincipal": "J46X",
                        "codDiagnosticoRelacionado": "J46X",
                        "codComplicacion": "",
                        "vrServicio": 87702,
                        "conceptoRecaudo": null,
                        "valorPagoModerador": 0,
                        "numFEVPagoModerador": null,
                        "consecutivo": 3
                    },
                    {
                        "codPrestador": "760010254101",
                        "fechaInicioAtencion": "06\/03\/2024",
                        "idMIPRES": null,
                        "numAutorizacion": "260260524",
                        "codProcedimiento": "906913",
                        "viaIngresoServicioSalud": "",
                        "modalidadGrupoServicioTecSal": "",
                        "grupoServicios": null,
                        "codServicio": null,
                        "finalidadTecnologiaSalud": "15",
                        "tipoDocumentoIdentificacion": "CC",
                        "numDocumentoIdentificacion": "1112883280",
                        "codDiagnosticoPrincipal": "J46X",
                        "codDiagnosticoRelacionado": "J46X",
                        "codComplicacion": "",
                        "vrServicio": 87702,
                        "conceptoRecaudo": null,
                        "valorPagoModerador": 0,
                        "numFEVPagoModerador": null,
                        "consecutivo": 4
                    },
                    {
                        "codPrestador": "760010254101",
                        "fechaInicioAtencion": "06\/03\/2024",
                        "idMIPRES": null,
                        "numAutorizacion": "260260524",
                        "codProcedimiento": "879301",
                        "viaIngresoServicioSalud": "",
                        "modalidadGrupoServicioTecSal": "",
                        "grupoServicios": null,
                        "codServicio": null,
                        "finalidadTecnologiaSalud": "15",
                        "tipoDocumentoIdentificacion": "CC",
                        "numDocumentoIdentificacion": "1112883280",
                        "codDiagnosticoPrincipal": "J46X",
                        "codDiagnosticoRelacionado": "J46X",
                        "codComplicacion": "",
                        "vrServicio": 87702,
                        "conceptoRecaudo": null,
                        "valorPagoModerador": 0,
                        "numFEVPagoModerador": null,
                        "consecutivo": 5
                    },
                    {
                        "codPrestador": "760010254101",
                        "fechaInicioAtencion": "07\/03\/2024",
                        "idMIPRES": null,
                        "numAutorizacion": "260260524",
                        "codProcedimiento": "902209",
                        "viaIngresoServicioSalud": "",
                        "modalidadGrupoServicioTecSal": "",
                        "grupoServicios": null,
                        "codServicio": null,
                        "finalidadTecnologiaSalud": "15",
                        "tipoDocumentoIdentificacion": "CC",
                        "numDocumentoIdentificacion": "1112883280",
                        "codDiagnosticoPrincipal": "J46X",
                        "codDiagnosticoRelacionado": "J46X",
                        "codComplicacion": "",
                        "vrServicio": 87702,
                        "conceptoRecaudo": null,
                        "valorPagoModerador": 0,
                        "numFEVPagoModerador": null,
                        "consecutivo": 6
                    },
                    {
                        "codPrestador": "760010254101",
                        "fechaInicioAtencion": "07\/03\/2024",
                        "idMIPRES": null,
                        "numAutorizacion": "260260524",
                        "codProcedimiento": "906208",
                        "viaIngresoServicioSalud": "",
                        "modalidadGrupoServicioTecSal": "",
                        "grupoServicios": null,
                        "codServicio": null,
                        "finalidadTecnologiaSalud": "15",
                        "tipoDocumentoIdentificacion": "CC",
                        "numDocumentoIdentificacion": "1112883280",
                        "codDiagnosticoPrincipal": "J46X",
                        "codDiagnosticoRelacionado": "J46X",
                        "codComplicacion": "",
                        "vrServicio": 87702,
                        "conceptoRecaudo": null,
                        "valorPagoModerador": 0,
                        "numFEVPagoModerador": null,
                        "consecutivo": 7
                    },
                    {
                        "codPrestador": "760010254101",
                        "fechaInicioAtencion": "07\/03\/2024",
                        "idMIPRES": null,
                        "numAutorizacion": "260260524",
                        "codProcedimiento": "906913",
                        "viaIngresoServicioSalud": "",
                        "modalidadGrupoServicioTecSal": "",
                        "grupoServicios": null,
                        "codServicio": null,
                        "finalidadTecnologiaSalud": "15",
                        "tipoDocumentoIdentificacion": "CC",
                        "numDocumentoIdentificacion": "1112883280",
                        "codDiagnosticoPrincipal": "J46X",
                        "codDiagnosticoRelacionado": "J46X",
                        "codComplicacion": "",
                        "vrServicio": 87702,
                        "conceptoRecaudo": null,
                        "valorPagoModerador": 0,
                        "numFEVPagoModerador": null,
                        "consecutivo": 8
                    },
                    {
                        "codPrestador": "760010254101",
                        "fechaInicioAtencion": "07\/03\/2024",
                        "idMIPRES": null,
                        "numAutorizacion": "260260524",
                        "codProcedimiento": "907106",
                        "viaIngresoServicioSalud": "",
                        "modalidadGrupoServicioTecSal": "",
                        "grupoServicios": null,
                        "codServicio": null,
                        "finalidadTecnologiaSalud": "15",
                        "tipoDocumentoIdentificacion": "CC",
                        "numDocumentoIdentificacion": "1112883280",
                        "codDiagnosticoPrincipal": "J46X",
                        "codDiagnosticoRelacionado": "J46X",
                        "codComplicacion": "",
                        "vrServicio": 87702,
                        "conceptoRecaudo": null,
                        "valorPagoModerador": 0,
                        "numFEVPagoModerador": null,
                        "consecutivo": 9
                    },
                    {
                        "codPrestador": "760010254101",
                        "fechaInicioAtencion": "07\/03\/2024",
                        "idMIPRES": null,
                        "numAutorizacion": "260260524",
                        "codProcedimiento": "901107",
                        "viaIngresoServicioSalud": "",
                        "modalidadGrupoServicioTecSal": "",
                        "grupoServicios": null,
                        "codServicio": null,
                        "finalidadTecnologiaSalud": "15",
                        "tipoDocumentoIdentificacion": "CC",
                        "numDocumentoIdentificacion": "1112883280",
                        "codDiagnosticoPrincipal": "J46X",
                        "codDiagnosticoRelacionado": "J46X",
                        "codComplicacion": "",
                        "vrServicio": 87702,
                        "conceptoRecaudo": null,
                        "valorPagoModerador": 0,
                        "numFEVPagoModerador": null,
                        "consecutivo": 10
                    },
                    {
                        "codPrestador": "760010254101",
                        "fechaInicioAtencion": "07\/03\/2024",
                        "idMIPRES": null,
                        "numAutorizacion": "260260524",
                        "codProcedimiento": "906832",
                        "viaIngresoServicioSalud": "",
                        "modalidadGrupoServicioTecSal": "",
                        "grupoServicios": null,
                        "codServicio": null,
                        "finalidadTecnologiaSalud": "15",
                        "tipoDocumentoIdentificacion": "CC",
                        "numDocumentoIdentificacion": "1112883280",
                        "codDiagnosticoPrincipal": "J46X",
                        "codDiagnosticoRelacionado": "J46X",
                        "codComplicacion": "",
                        "vrServicio": 87702,
                        "conceptoRecaudo": null,
                        "valorPagoModerador": 0,
                        "numFEVPagoModerador": null,
                        "consecutivo": 11
                    },
                    {
                        "codPrestador": "760010254101",
                        "fechaInicioAtencion": "07\/03\/2024",
                        "idMIPRES": null,
                        "numAutorizacion": "260260524",
                        "codProcedimiento": "906836",
                        "viaIngresoServicioSalud": "",
                        "modalidadGrupoServicioTecSal": "",
                        "grupoServicios": null,
                        "codServicio": null,
                        "finalidadTecnologiaSalud": "15",
                        "tipoDocumentoIdentificacion": "CC",
                        "numDocumentoIdentificacion": "1112883280",
                        "codDiagnosticoPrincipal": "J46X",
                        "codDiagnosticoRelacionado": "J46X",
                        "codComplicacion": "",
                        "vrServicio": 87702,
                        "conceptoRecaudo": null,
                        "valorPagoModerador": 0,
                        "numFEVPagoModerador": null,
                        "consecutivo": 12
                    },
                    {
                        "codPrestador": "760010254101",
                        "fechaInicioAtencion": "07\/03\/2024",
                        "idMIPRES": null,
                        "numAutorizacion": "260260524",
                        "codProcedimiento": "906827",
                        "viaIngresoServicioSalud": "",
                        "modalidadGrupoServicioTecSal": "",
                        "grupoServicios": null,
                        "codServicio": null,
                        "finalidadTecnologiaSalud": "15",
                        "tipoDocumentoIdentificacion": "CC",
                        "numDocumentoIdentificacion": "1112883280",
                        "codDiagnosticoPrincipal": "J46X",
                        "codDiagnosticoRelacionado": "J46X",
                        "codComplicacion": "",
                        "vrServicio": 87702,
                        "conceptoRecaudo": null,
                        "valorPagoModerador": 0,
                        "numFEVPagoModerador": null,
                        "consecutivo": 13
                    },
                    {
                        "codPrestador": "760010254101",
                        "fechaInicioAtencion": "07\/03\/2024",
                        "idMIPRES": null,
                        "numAutorizacion": "260260524",
                        "codProcedimiento": "906829",
                        "viaIngresoServicioSalud": "",
                        "modalidadGrupoServicioTecSal": "",
                        "grupoServicios": null,
                        "codServicio": null,
                        "finalidadTecnologiaSalud": "15",
                        "tipoDocumentoIdentificacion": "CC",
                        "numDocumentoIdentificacion": "1112883280",
                        "codDiagnosticoPrincipal": "J46X",
                        "codDiagnosticoRelacionado": "J46X",
                        "codComplicacion": "",
                        "vrServicio": 87702,
                        "conceptoRecaudo": null,
                        "valorPagoModerador": 0,
                        "numFEVPagoModerador": null,
                        "consecutivo": 14
                    },
                    {
                        "codPrestador": "760010254101",
                        "fechaInicioAtencion": "08\/03\/2024",
                        "idMIPRES": null,
                        "numAutorizacion": "260260524",
                        "codProcedimiento": "901101",
                        "viaIngresoServicioSalud": "",
                        "modalidadGrupoServicioTecSal": "",
                        "grupoServicios": null,
                        "codServicio": null,
                        "finalidadTecnologiaSalud": "15",
                        "tipoDocumentoIdentificacion": "CC",
                        "numDocumentoIdentificacion": "1112883280",
                        "codDiagnosticoPrincipal": "J46X",
                        "codDiagnosticoRelacionado": "J46X",
                        "codComplicacion": "",
                        "vrServicio": 87702,
                        "conceptoRecaudo": null,
                        "valorPagoModerador": 0,
                        "numFEVPagoModerador": null,
                        "consecutivo": 15
                    },
                    {
                        "codPrestador": "760010254101",
                        "fechaInicioAtencion": "08\/03\/2024",
                        "idMIPRES": null,
                        "numAutorizacion": "260260524",
                        "codProcedimiento": "901230",
                        "viaIngresoServicioSalud": "",
                        "modalidadGrupoServicioTecSal": "",
                        "grupoServicios": null,
                        "codServicio": null,
                        "finalidadTecnologiaSalud": "15",
                        "tipoDocumentoIdentificacion": "CC",
                        "numDocumentoIdentificacion": "1112883280",
                        "codDiagnosticoPrincipal": "J46X",
                        "codDiagnosticoRelacionado": "J46X",
                        "codComplicacion": "",
                        "vrServicio": 87702,
                        "conceptoRecaudo": null,
                        "valorPagoModerador": 0,
                        "numFEVPagoModerador": null,
                        "consecutivo": 16
                    },
                    {
                        "codPrestador": "760010254101",
                        "fechaInicioAtencion": "08\/03\/2024",
                        "idMIPRES": null,
                        "numAutorizacion": "260260524",
                        "codProcedimiento": "908873",
                        "viaIngresoServicioSalud": "",
                        "modalidadGrupoServicioTecSal": "",
                        "grupoServicios": null,
                        "codServicio": null,
                        "finalidadTecnologiaSalud": "15",
                        "tipoDocumentoIdentificacion": "CC",
                        "numDocumentoIdentificacion": "1112883280",
                        "codDiagnosticoPrincipal": "J46X",
                        "codDiagnosticoRelacionado": "J46X",
                        "codComplicacion": "",
                        "vrServicio": 87702,
                        "conceptoRecaudo": null,
                        "valorPagoModerador": 0,
                        "numFEVPagoModerador": null,
                        "consecutivo": 17
                    },
                    {
                        "codPrestador": "760010254101",
                        "fechaInicioAtencion": "08\/03\/2024",
                        "idMIPRES": null,
                        "numAutorizacion": "260260524",
                        "codProcedimiento": "902209",
                        "viaIngresoServicioSalud": "",
                        "modalidadGrupoServicioTecSal": "",
                        "grupoServicios": null,
                        "codServicio": null,
                        "finalidadTecnologiaSalud": "15",
                        "tipoDocumentoIdentificacion": "CC",
                        "numDocumentoIdentificacion": "1112883280",
                        "codDiagnosticoPrincipal": "J46X",
                        "codDiagnosticoRelacionado": "J46X",
                        "codComplicacion": "",
                        "vrServicio": 87702,
                        "conceptoRecaudo": null,
                        "valorPagoModerador": 0,
                        "numFEVPagoModerador": null,
                        "consecutivo": 18
                    },
                    {
                        "codPrestador": "760010254101",
                        "fechaInicioAtencion": "08\/03\/2024",
                        "idMIPRES": null,
                        "numAutorizacion": "260260524",
                        "codProcedimiento": "908859",
                        "viaIngresoServicioSalud": "",
                        "modalidadGrupoServicioTecSal": "",
                        "grupoServicios": null,
                        "codServicio": null,
                        "finalidadTecnologiaSalud": "15",
                        "tipoDocumentoIdentificacion": "CC",
                        "numDocumentoIdentificacion": "1112883280",
                        "codDiagnosticoPrincipal": "J46X",
                        "codDiagnosticoRelacionado": "J46X",
                        "codComplicacion": "",
                        "vrServicio": 87702,
                        "conceptoRecaudo": null,
                        "valorPagoModerador": 0,
                        "numFEVPagoModerador": null,
                        "consecutivo": 19
                    },
                    {
                        "codPrestador": "760010254101",
                        "fechaInicioAtencion": "08\/03\/2024",
                        "idMIPRES": null,
                        "numAutorizacion": "260260524",
                        "codProcedimiento": "907004",
                        "viaIngresoServicioSalud": "",
                        "modalidadGrupoServicioTecSal": "",
                        "grupoServicios": null,
                        "codServicio": null,
                        "finalidadTecnologiaSalud": "15",
                        "tipoDocumentoIdentificacion": "CC",
                        "numDocumentoIdentificacion": "1112883280",
                        "codDiagnosticoPrincipal": "J46X",
                        "codDiagnosticoRelacionado": "J46X",
                        "codComplicacion": "",
                        "vrServicio": 87702,
                        "conceptoRecaudo": null,
                        "valorPagoModerador": 0,
                        "numFEVPagoModerador": null,
                        "consecutivo": 20
                    },
                    {
                        "codPrestador": "760010254101",
                        "fechaInicioAtencion": "08\/03\/2024",
                        "idMIPRES": null,
                        "numAutorizacion": "260260524",
                        "codProcedimiento": "901206",
                        "viaIngresoServicioSalud": "",
                        "modalidadGrupoServicioTecSal": "",
                        "grupoServicios": null,
                        "codServicio": null,
                        "finalidadTecnologiaSalud": "15",
                        "tipoDocumentoIdentificacion": "CC",
                        "numDocumentoIdentificacion": "1112883280",
                        "codDiagnosticoPrincipal": "J46X",
                        "codDiagnosticoRelacionado": "J46X",
                        "codComplicacion": "",
                        "vrServicio": 87702,
                        "conceptoRecaudo": null,
                        "valorPagoModerador": 0,
                        "numFEVPagoModerador": null,
                        "consecutivo": 21
                    },
                    {
                        "codPrestador": "760010254101",
                        "fechaInicioAtencion": "08\/03\/2024",
                        "idMIPRES": null,
                        "numAutorizacion": "260260524",
                        "codProcedimiento": "906301",
                        "viaIngresoServicioSalud": "",
                        "modalidadGrupoServicioTecSal": "",
                        "grupoServicios": null,
                        "codServicio": null,
                        "finalidadTecnologiaSalud": "15",
                        "tipoDocumentoIdentificacion": "CC",
                        "numDocumentoIdentificacion": "1112883280",
                        "codDiagnosticoPrincipal": "J46X",
                        "codDiagnosticoRelacionado": "J46X",
                        "codComplicacion": "",
                        "vrServicio": 87702,
                        "conceptoRecaudo": null,
                        "valorPagoModerador": 0,
                        "numFEVPagoModerador": null,
                        "consecutivo": 22
                    },
                    {
                        "codPrestador": "760010254101",
                        "fechaInicioAtencion": "08\/03\/2024",
                        "idMIPRES": null,
                        "numAutorizacion": "260260524",
                        "codProcedimiento": "860205",
                        "viaIngresoServicioSalud": "",
                        "modalidadGrupoServicioTecSal": "",
                        "grupoServicios": null,
                        "codServicio": null,
                        "finalidadTecnologiaSalud": "15",
                        "tipoDocumentoIdentificacion": "CC",
                        "numDocumentoIdentificacion": "1112883280",
                        "codDiagnosticoPrincipal": "J46X",
                        "codDiagnosticoRelacionado": "J46X",
                        "codComplicacion": "",
                        "vrServicio": 87702,
                        "conceptoRecaudo": null,
                        "valorPagoModerador": 0,
                        "numFEVPagoModerador": null,
                        "consecutivo": 23
                    },
                    {
                        "codPrestador": "760010254101",
                        "fechaInicioAtencion": "09\/03\/2024",
                        "idMIPRES": null,
                        "numAutorizacion": "260260524",
                        "codProcedimiento": "906333",
                        "viaIngresoServicioSalud": "",
                        "modalidadGrupoServicioTecSal": "",
                        "grupoServicios": null,
                        "codServicio": null,
                        "finalidadTecnologiaSalud": "15",
                        "tipoDocumentoIdentificacion": "CC",
                        "numDocumentoIdentificacion": "1112883280",
                        "codDiagnosticoPrincipal": "J46X",
                        "codDiagnosticoRelacionado": "J46X",
                        "codComplicacion": "",
                        "vrServicio": 87702,
                        "conceptoRecaudo": null,
                        "valorPagoModerador": 0,
                        "numFEVPagoModerador": null,
                        "consecutivo": 24
                    },
                    {
                        "codPrestador": "760010254101",
                        "fechaInicioAtencion": "09\/03\/2024",
                        "idMIPRES": null,
                        "numAutorizacion": "260260524",
                        "codProcedimiento": "901101",
                        "viaIngresoServicioSalud": "",
                        "modalidadGrupoServicioTecSal": "",
                        "grupoServicios": null,
                        "codServicio": null,
                        "finalidadTecnologiaSalud": "15",
                        "tipoDocumentoIdentificacion": "CC",
                        "numDocumentoIdentificacion": "1112883280",
                        "codDiagnosticoPrincipal": "J46X",
                        "codDiagnosticoRelacionado": "J46X",
                        "codComplicacion": "",
                        "vrServicio": 87702,
                        "conceptoRecaudo": null,
                        "valorPagoModerador": 0,
                        "numFEVPagoModerador": null,
                        "consecutivo": 25
                    },
                    {
                        "codPrestador": "760010254101",
                        "fechaInicioAtencion": "09\/03\/2024",
                        "idMIPRES": null,
                        "numAutorizacion": "260260524",
                        "codProcedimiento": "901230",
                        "viaIngresoServicioSalud": "",
                        "modalidadGrupoServicioTecSal": "",
                        "grupoServicios": null,
                        "codServicio": null,
                        "finalidadTecnologiaSalud": "15",
                        "tipoDocumentoIdentificacion": "CC",
                        "numDocumentoIdentificacion": "1112883280",
                        "codDiagnosticoPrincipal": "J46X",
                        "codDiagnosticoRelacionado": "J46X",
                        "codComplicacion": "",
                        "vrServicio": 87702,
                        "conceptoRecaudo": null,
                        "valorPagoModerador": 0,
                        "numFEVPagoModerador": null,
                        "consecutivo": 26
                    },
                    {
                        "codPrestador": "760010254101",
                        "fechaInicioAtencion": "09\/03\/2024",
                        "idMIPRES": null,
                        "numAutorizacion": "260260524",
                        "codProcedimiento": "903883",
                        "viaIngresoServicioSalud": "",
                        "modalidadGrupoServicioTecSal": "",
                        "grupoServicios": null,
                        "codServicio": null,
                        "finalidadTecnologiaSalud": "15",
                        "tipoDocumentoIdentificacion": "CC",
                        "numDocumentoIdentificacion": "1112883280",
                        "codDiagnosticoPrincipal": "J46X",
                        "codDiagnosticoRelacionado": "J46X",
                        "codComplicacion": "",
                        "vrServicio": 87702,
                        "conceptoRecaudo": null,
                        "valorPagoModerador": 0,
                        "numFEVPagoModerador": null,
                        "consecutivo": 27
                    },
                    {
                        "codPrestador": "760010254101",
                        "fechaInicioAtencion": "09\/03\/2024",
                        "idMIPRES": null,
                        "numAutorizacion": "260260524",
                        "codProcedimiento": "901230",
                        "viaIngresoServicioSalud": "",
                        "modalidadGrupoServicioTecSal": "",
                        "grupoServicios": null,
                        "codServicio": null,
                        "finalidadTecnologiaSalud": "15",
                        "tipoDocumentoIdentificacion": "CC",
                        "numDocumentoIdentificacion": "1112883280",
                        "codDiagnosticoPrincipal": "J46X",
                        "codDiagnosticoRelacionado": "J46X",
                        "codComplicacion": "",
                        "vrServicio": 87702,
                        "conceptoRecaudo": null,
                        "valorPagoModerador": 0,
                        "numFEVPagoModerador": null,
                        "consecutivo": 28
                    },
                    {
                        "codPrestador": "760010254101",
                        "fechaInicioAtencion": "09\/03\/2024",
                        "idMIPRES": null,
                        "numAutorizacion": "260260524",
                        "codProcedimiento": "908873",
                        "viaIngresoServicioSalud": "",
                        "modalidadGrupoServicioTecSal": "",
                        "grupoServicios": null,
                        "codServicio": null,
                        "finalidadTecnologiaSalud": "15",
                        "tipoDocumentoIdentificacion": "CC",
                        "numDocumentoIdentificacion": "1112883280",
                        "codDiagnosticoPrincipal": "J46X",
                        "codDiagnosticoRelacionado": "J46X",
                        "codComplicacion": "",
                        "vrServicio": 87702,
                        "conceptoRecaudo": null,
                        "valorPagoModerador": 0,
                        "numFEVPagoModerador": null,
                        "consecutivo": 29
                    },
                    {
                        "codPrestador": "760010254101",
                        "fechaInicioAtencion": "09\/03\/2024",
                        "idMIPRES": null,
                        "numAutorizacion": "260260524",
                        "codProcedimiento": "901101",
                        "viaIngresoServicioSalud": "",
                        "modalidadGrupoServicioTecSal": "",
                        "grupoServicios": null,
                        "codServicio": null,
                        "finalidadTecnologiaSalud": "15",
                        "tipoDocumentoIdentificacion": "CC",
                        "numDocumentoIdentificacion": "1112883280",
                        "codDiagnosticoPrincipal": "J46X",
                        "codDiagnosticoRelacionado": "J46X",
                        "codComplicacion": "",
                        "vrServicio": 87702,
                        "conceptoRecaudo": null,
                        "valorPagoModerador": 0,
                        "numFEVPagoModerador": null,
                        "consecutivo": 30
                    },
                    {
                        "codPrestador": "760010254101",
                        "fechaInicioAtencion": "09\/03\/2024",
                        "idMIPRES": null,
                        "numAutorizacion": "260260524",
                        "codProcedimiento": "906333",
                        "viaIngresoServicioSalud": "",
                        "modalidadGrupoServicioTecSal": "",
                        "grupoServicios": null,
                        "codServicio": null,
                        "finalidadTecnologiaSalud": "15",
                        "tipoDocumentoIdentificacion": "CC",
                        "numDocumentoIdentificacion": "1112883280",
                        "codDiagnosticoPrincipal": "J46X",
                        "codDiagnosticoRelacionado": "J46X",
                        "codComplicacion": "",
                        "vrServicio": 87702,
                        "conceptoRecaudo": null,
                        "valorPagoModerador": 0,
                        "numFEVPagoModerador": null,
                        "consecutivo": 31
                    },
                    {
                        "codPrestador": "760010254101",
                        "fechaInicioAtencion": "09\/03\/2024",
                        "idMIPRES": null,
                        "numAutorizacion": "260260524",
                        "codProcedimiento": "901212",
                        "viaIngresoServicioSalud": "",
                        "modalidadGrupoServicioTecSal": "",
                        "grupoServicios": null,
                        "codServicio": null,
                        "finalidadTecnologiaSalud": "15",
                        "tipoDocumentoIdentificacion": "CC",
                        "numDocumentoIdentificacion": "1112883280",
                        "codDiagnosticoPrincipal": "J46X",
                        "codDiagnosticoRelacionado": "J46X",
                        "codComplicacion": "",
                        "vrServicio": 87702,
                        "conceptoRecaudo": null,
                        "valorPagoModerador": 0,
                        "numFEVPagoModerador": null,
                        "consecutivo": 32
                    },
                    {
                        "codPrestador": "760010254101",
                        "fechaInicioAtencion": "09\/03\/2024",
                        "idMIPRES": null,
                        "numAutorizacion": "260260524",
                        "codProcedimiento": "901217",
                        "viaIngresoServicioSalud": "",
                        "modalidadGrupoServicioTecSal": "",
                        "grupoServicios": null,
                        "codServicio": null,
                        "finalidadTecnologiaSalud": "15",
                        "tipoDocumentoIdentificacion": "CC",
                        "numDocumentoIdentificacion": "1112883280",
                        "codDiagnosticoPrincipal": "J46X",
                        "codDiagnosticoRelacionado": "J46X",
                        "codComplicacion": "",
                        "vrServicio": 87702,
                        "conceptoRecaudo": null,
                        "valorPagoModerador": 0,
                        "numFEVPagoModerador": null,
                        "consecutivo": 33
                    },
                    {
                        "codPrestador": "760010254101",
                        "fechaInicioAtencion": "09\/03\/2024",
                        "idMIPRES": null,
                        "numAutorizacion": "260260524",
                        "codProcedimiento": "901305",
                        "viaIngresoServicioSalud": "",
                        "modalidadGrupoServicioTecSal": "",
                        "grupoServicios": null,
                        "codServicio": null,
                        "finalidadTecnologiaSalud": "15",
                        "tipoDocumentoIdentificacion": "CC",
                        "numDocumentoIdentificacion": "1112883280",
                        "codDiagnosticoPrincipal": "J46X",
                        "codDiagnosticoRelacionado": "J46X",
                        "codComplicacion": "",
                        "vrServicio": 87702,
                        "conceptoRecaudo": null,
                        "valorPagoModerador": 0,
                        "numFEVPagoModerador": null,
                        "consecutivo": 34
                    },
                    {
                        "codPrestador": "760010254101",
                        "fechaInicioAtencion": "09\/03\/2024",
                        "idMIPRES": null,
                        "numAutorizacion": "260260524",
                        "codProcedimiento": "901107",
                        "viaIngresoServicioSalud": "",
                        "modalidadGrupoServicioTecSal": "",
                        "grupoServicios": null,
                        "codServicio": null,
                        "finalidadTecnologiaSalud": "15",
                        "tipoDocumentoIdentificacion": "CC",
                        "numDocumentoIdentificacion": "1112883280",
                        "codDiagnosticoPrincipal": "J46X",
                        "codDiagnosticoRelacionado": "J46X",
                        "codComplicacion": "",
                        "vrServicio": 87702,
                        "conceptoRecaudo": null,
                        "valorPagoModerador": 0,
                        "numFEVPagoModerador": null,
                        "consecutivo": 35
                    },
                    {
                        "codPrestador": "760010254101",
                        "fechaInicioAtencion": "10\/03\/2024",
                        "idMIPRES": null,
                        "numAutorizacion": "260260524",
                        "codProcedimiento": "901101",
                        "viaIngresoServicioSalud": "",
                        "modalidadGrupoServicioTecSal": "",
                        "grupoServicios": null,
                        "codServicio": null,
                        "finalidadTecnologiaSalud": "15",
                        "tipoDocumentoIdentificacion": "CC",
                        "numDocumentoIdentificacion": "1112883280",
                        "codDiagnosticoPrincipal": "J46X",
                        "codDiagnosticoRelacionado": "J46X",
                        "codComplicacion": "",
                        "vrServicio": 87702,
                        "conceptoRecaudo": null,
                        "valorPagoModerador": 0,
                        "numFEVPagoModerador": null,
                        "consecutivo": 36
                    },
                    {
                        "codPrestador": "760010254101",
                        "fechaInicioAtencion": "10\/03\/2024",
                        "idMIPRES": null,
                        "numAutorizacion": "260260524",
                        "codProcedimiento": "901230",
                        "viaIngresoServicioSalud": "",
                        "modalidadGrupoServicioTecSal": "",
                        "grupoServicios": null,
                        "codServicio": null,
                        "finalidadTecnologiaSalud": "15",
                        "tipoDocumentoIdentificacion": "CC",
                        "numDocumentoIdentificacion": "1112883280",
                        "codDiagnosticoPrincipal": "J46X",
                        "codDiagnosticoRelacionado": "J46X",
                        "codComplicacion": "",
                        "vrServicio": 87702,
                        "conceptoRecaudo": null,
                        "valorPagoModerador": 0,
                        "numFEVPagoModerador": null,
                        "consecutivo": 37
                    },
                    {
                        "codPrestador": "760010254101",
                        "fechaInicioAtencion": "11\/03\/2024",
                        "idMIPRES": null,
                        "numAutorizacion": "260260524",
                        "codProcedimiento": "902209",
                        "viaIngresoServicioSalud": "",
                        "modalidadGrupoServicioTecSal": "",
                        "grupoServicios": null,
                        "codServicio": null,
                        "finalidadTecnologiaSalud": "15",
                        "tipoDocumentoIdentificacion": "CC",
                        "numDocumentoIdentificacion": "1112883280",
                        "codDiagnosticoPrincipal": "J46X",
                        "codDiagnosticoRelacionado": "J46X",
                        "codComplicacion": "",
                        "vrServicio": 87702,
                        "conceptoRecaudo": null,
                        "valorPagoModerador": 0,
                        "numFEVPagoModerador": null,
                        "consecutivo": 38
                    },
                    {
                        "codPrestador": "760010254101",
                        "fechaInicioAtencion": "11\/03\/2024",
                        "idMIPRES": null,
                        "numAutorizacion": "260260524",
                        "codProcedimiento": "906232",
                        "viaIngresoServicioSalud": "",
                        "modalidadGrupoServicioTecSal": "",
                        "grupoServicios": null,
                        "codServicio": null,
                        "finalidadTecnologiaSalud": "15",
                        "tipoDocumentoIdentificacion": "CC",
                        "numDocumentoIdentificacion": "1112883280",
                        "codDiagnosticoPrincipal": "J46X",
                        "codDiagnosticoRelacionado": "J46X",
                        "codComplicacion": "",
                        "vrServicio": 87702,
                        "conceptoRecaudo": null,
                        "valorPagoModerador": 0,
                        "numFEVPagoModerador": null,
                        "consecutivo": 39
                    },
                    {
                        "codPrestador": "760010254101",
                        "fechaInicioAtencion": "09\/03\/2024",
                        "idMIPRES": null,
                        "numAutorizacion": "260260524",
                        "codProcedimiento": "332201",
                        "viaIngresoServicioSalud": "",
                        "modalidadGrupoServicioTecSal": "",
                        "grupoServicios": null,
                        "codServicio": null,
                        "finalidadTecnologiaSalud": "15",
                        "tipoDocumentoIdentificacion": "CC",
                        "numDocumentoIdentificacion": "1112883280",
                        "codDiagnosticoPrincipal": "J46X",
                        "codDiagnosticoRelacionado": "J46X",
                        "codComplicacion": "",
                        "vrServicio": 87702,
                        "conceptoRecaudo": null,
                        "valorPagoModerador": 0,
                        "numFEVPagoModerador": null,
                        "consecutivo": 40
                    },
                    {
                        "codPrestador": "760010254101",
                        "fechaInicioAtencion": "14\/03\/2024",
                        "idMIPRES": null,
                        "numAutorizacion": "260260524",
                        "codProcedimiento": "939403",
                        "viaIngresoServicioSalud": "",
                        "modalidadGrupoServicioTecSal": "",
                        "grupoServicios": null,
                        "codServicio": null,
                        "finalidadTecnologiaSalud": "15",
                        "tipoDocumentoIdentificacion": "CC",
                        "numDocumentoIdentificacion": "1112883280",
                        "codDiagnosticoPrincipal": "J46X",
                        "codDiagnosticoRelacionado": "J46X",
                        "codComplicacion": "",
                        "vrServicio": 87702,
                        "conceptoRecaudo": null,
                        "valorPagoModerador": 0,
                        "numFEVPagoModerador": null,
                        "consecutivo": 41
                    },
                    {
                        "codPrestador": "760010254101",
                        "fechaInicioAtencion": "14\/03\/2024",
                        "idMIPRES": null,
                        "numAutorizacion": "260260524",
                        "codProcedimiento": "893805",
                        "viaIngresoServicioSalud": "",
                        "modalidadGrupoServicioTecSal": "",
                        "grupoServicios": null,
                        "codServicio": null,
                        "finalidadTecnologiaSalud": "15",
                        "tipoDocumentoIdentificacion": "CC",
                        "numDocumentoIdentificacion": "1112883280",
                        "codDiagnosticoPrincipal": "J46X",
                        "codDiagnosticoRelacionado": "J46X",
                        "codComplicacion": "",
                        "vrServicio": 87702,
                        "conceptoRecaudo": null,
                        "valorPagoModerador": 0,
                        "numFEVPagoModerador": null,
                        "consecutivo": 42
                    },
                    {
                        "codPrestador": "760010254101",
                        "fechaInicioAtencion": "16\/03\/2024",
                        "idMIPRES": null,
                        "numAutorizacion": "260260524",
                        "codProcedimiento": "939403",
                        "viaIngresoServicioSalud": "",
                        "modalidadGrupoServicioTecSal": "",
                        "grupoServicios": null,
                        "codServicio": null,
                        "finalidadTecnologiaSalud": "15",
                        "tipoDocumentoIdentificacion": "CC",
                        "numDocumentoIdentificacion": "1112883280",
                        "codDiagnosticoPrincipal": "J46X",
                        "codDiagnosticoRelacionado": "J46X",
                        "codComplicacion": "",
                        "vrServicio": 87702,
                        "conceptoRecaudo": null,
                        "valorPagoModerador": 0,
                        "numFEVPagoModerador": null,
                        "consecutivo": 43
                    },
                    {
                        "codPrestador": "760010254101",
                        "fechaInicioAtencion": "16\/03\/2024",
                        "idMIPRES": null,
                        "numAutorizacion": "260260524",
                        "codProcedimiento": "939403",
                        "viaIngresoServicioSalud": "",
                        "modalidadGrupoServicioTecSal": "",
                        "grupoServicios": null,
                        "codServicio": null,
                        "finalidadTecnologiaSalud": "15",
                        "tipoDocumentoIdentificacion": "CC",
                        "numDocumentoIdentificacion": "1112883280",
                        "codDiagnosticoPrincipal": "J46X",
                        "codDiagnosticoRelacionado": "J46X",
                        "codComplicacion": "",
                        "vrServicio": 87702,
                        "conceptoRecaudo": null,
                        "valorPagoModerador": 0,
                        "numFEVPagoModerador": null,
                        "consecutivo": 44
                    },
                    {
                        "codPrestador": "760010254101",
                        "fechaInicioAtencion": "17\/03\/2024",
                        "idMIPRES": null,
                        "numAutorizacion": "260260524",
                        "codProcedimiento": "939403",
                        "viaIngresoServicioSalud": "",
                        "modalidadGrupoServicioTecSal": "",
                        "grupoServicios": null,
                        "codServicio": null,
                        "finalidadTecnologiaSalud": "15",
                        "tipoDocumentoIdentificacion": "CC",
                        "numDocumentoIdentificacion": "1112883280",
                        "codDiagnosticoPrincipal": "J46X",
                        "codDiagnosticoRelacionado": "J46X",
                        "codComplicacion": "",
                        "vrServicio": 87702,
                        "conceptoRecaudo": null,
                        "valorPagoModerador": 0,
                        "numFEVPagoModerador": null,
                        "consecutivo": 45
                    },
                    {
                        "codPrestador": "760010254101",
                        "fechaInicioAtencion": "17\/03\/2024",
                        "idMIPRES": null,
                        "numAutorizacion": "260260524",
                        "codProcedimiento": "939403",
                        "viaIngresoServicioSalud": "",
                        "modalidadGrupoServicioTecSal": "",
                        "grupoServicios": null,
                        "codServicio": null,
                        "finalidadTecnologiaSalud": "15",
                        "tipoDocumentoIdentificacion": "CC",
                        "numDocumentoIdentificacion": "1112883280",
                        "codDiagnosticoPrincipal": "J46X",
                        "codDiagnosticoRelacionado": "J46X",
                        "codComplicacion": "",
                        "vrServicio": 87702,
                        "conceptoRecaudo": null,
                        "valorPagoModerador": 0,
                        "numFEVPagoModerador": null,
                        "consecutivo": 46
                    },
                    {
                        "codPrestador": "760010254101",
                        "fechaInicioAtencion": "17\/03\/2024",
                        "idMIPRES": null,
                        "numAutorizacion": "260260524",
                        "codProcedimiento": "939403",
                        "viaIngresoServicioSalud": "",
                        "modalidadGrupoServicioTecSal": "",
                        "grupoServicios": null,
                        "codServicio": null,
                        "finalidadTecnologiaSalud": "15",
                        "tipoDocumentoIdentificacion": "CC",
                        "numDocumentoIdentificacion": "1112883280",
                        "codDiagnosticoPrincipal": "J46X",
                        "codDiagnosticoRelacionado": "J46X",
                        "codComplicacion": "",
                        "vrServicio": 87702,
                        "conceptoRecaudo": null,
                        "valorPagoModerador": 0,
                        "numFEVPagoModerador": null,
                        "consecutivo": 47
                    },
                    {
                        "codPrestador": "760010254101",
                        "fechaInicioAtencion": "18\/03\/2024",
                        "idMIPRES": null,
                        "numAutorizacion": "260260524",
                        "codProcedimiento": "939403",
                        "viaIngresoServicioSalud": "",
                        "modalidadGrupoServicioTecSal": "",
                        "grupoServicios": null,
                        "codServicio": null,
                        "finalidadTecnologiaSalud": "15",
                        "tipoDocumentoIdentificacion": "CC",
                        "numDocumentoIdentificacion": "1112883280",
                        "codDiagnosticoPrincipal": "J46X",
                        "codDiagnosticoRelacionado": "J46X",
                        "codComplicacion": "",
                        "vrServicio": 87702,
                        "conceptoRecaudo": null,
                        "valorPagoModerador": 0,
                        "numFEVPagoModerador": null,
                        "consecutivo": 48
                    },
                    {
                        "codPrestador": "760010254101",
                        "fechaInicioAtencion": "18\/03\/2024",
                        "idMIPRES": null,
                        "numAutorizacion": "260260524",
                        "codProcedimiento": "939403",
                        "viaIngresoServicioSalud": "",
                        "modalidadGrupoServicioTecSal": "",
                        "grupoServicios": null,
                        "codServicio": null,
                        "finalidadTecnologiaSalud": "15",
                        "tipoDocumentoIdentificacion": "CC",
                        "numDocumentoIdentificacion": "1112883280",
                        "codDiagnosticoPrincipal": "J46X",
                        "codDiagnosticoRelacionado": "J46X",
                        "codComplicacion": "",
                        "vrServicio": 87702,
                        "conceptoRecaudo": null,
                        "valorPagoModerador": 0,
                        "numFEVPagoModerador": null,
                        "consecutivo": 49
                    },
                    {
                        "codPrestador": "760010254101",
                        "fechaInicioAtencion": "19\/03\/2024",
                        "idMIPRES": null,
                        "numAutorizacion": "260260524",
                        "codProcedimiento": "939403",
                        "viaIngresoServicioSalud": "",
                        "modalidadGrupoServicioTecSal": "",
                        "grupoServicios": null,
                        "codServicio": null,
                        "finalidadTecnologiaSalud": "15",
                        "tipoDocumentoIdentificacion": "CC",
                        "numDocumentoIdentificacion": "1112883280",
                        "codDiagnosticoPrincipal": "J46X",
                        "codDiagnosticoRelacionado": "J46X",
                        "codComplicacion": "",
                        "vrServicio": 87702,
                        "conceptoRecaudo": null,
                        "valorPagoModerador": 0,
                        "numFEVPagoModerador": null,
                        "consecutivo": 50
                    },
                    {
                        "codPrestador": "760010254101",
                        "fechaInicioAtencion": "19\/03\/2024",
                        "idMIPRES": null,
                        "numAutorizacion": "260260524",
                        "codProcedimiento": "939403",
                        "viaIngresoServicioSalud": "",
                        "modalidadGrupoServicioTecSal": "",
                        "grupoServicios": null,
                        "codServicio": null,
                        "finalidadTecnologiaSalud": "15",
                        "tipoDocumentoIdentificacion": "CC",
                        "numDocumentoIdentificacion": "1112883280",
                        "codDiagnosticoPrincipal": "J46X",
                        "codDiagnosticoRelacionado": "J46X",
                        "codComplicacion": "",
                        "vrServicio": 87702,
                        "conceptoRecaudo": null,
                        "valorPagoModerador": 0,
                        "numFEVPagoModerador": null,
                        "consecutivo": 51
                    },
                    {
                        "codPrestador": "760010254101",
                        "fechaInicioAtencion": "18\/03\/2024",
                        "idMIPRES": null,
                        "numAutorizacion": "260260524",
                        "codProcedimiento": "893805",
                        "viaIngresoServicioSalud": "",
                        "modalidadGrupoServicioTecSal": "",
                        "grupoServicios": null,
                        "codServicio": null,
                        "finalidadTecnologiaSalud": "15",
                        "tipoDocumentoIdentificacion": "CC",
                        "numDocumentoIdentificacion": "1112883280",
                        "codDiagnosticoPrincipal": "J46X",
                        "codDiagnosticoRelacionado": "J46X",
                        "codComplicacion": "",
                        "vrServicio": 87702,
                        "conceptoRecaudo": null,
                        "valorPagoModerador": 0,
                        "numFEVPagoModerador": null,
                        "consecutivo": 52
                    },
                    {
                        "codPrestador": "760010254101",
                        "fechaInicioAtencion": "21\/03\/2024",
                        "idMIPRES": null,
                        "numAutorizacion": "260260524",
                        "codProcedimiento": "881202",
                        "viaIngresoServicioSalud": "",
                        "modalidadGrupoServicioTecSal": "",
                        "grupoServicios": null,
                        "codServicio": null,
                        "finalidadTecnologiaSalud": "15",
                        "tipoDocumentoIdentificacion": "CC",
                        "numDocumentoIdentificacion": "1112883280",
                        "codDiagnosticoPrincipal": "J46X",
                        "codDiagnosticoRelacionado": "J46X",
                        "codComplicacion": "",
                        "vrServicio": 87702,
                        "conceptoRecaudo": null,
                        "valorPagoModerador": 0,
                        "numFEVPagoModerador": null,
                        "consecutivo": 53
                    },
                    {
                        "codPrestador": "760010254101",
                        "fechaInicioAtencion": "06\/03\/2024",
                        "idMIPRES": null,
                        "numAutorizacion": "260260524",
                        "codProcedimiento": "903612",
                        "viaIngresoServicioSalud": "",
                        "modalidadGrupoServicioTecSal": "",
                        "grupoServicios": null,
                        "codServicio": null,
                        "finalidadTecnologiaSalud": "15",
                        "tipoDocumentoIdentificacion": "CC",
                        "numDocumentoIdentificacion": "1112883280",
                        "codDiagnosticoPrincipal": "J46X",
                        "codDiagnosticoRelacionado": "J46X",
                        "codComplicacion": "",
                        "vrServicio": 87702,
                        "conceptoRecaudo": null,
                        "valorPagoModerador": 0,
                        "numFEVPagoModerador": null,
                        "consecutivo": 54
                    },
                    {
                        "codPrestador": "760010254101",
                        "fechaInicioAtencion": "18\/03\/2024",
                        "idMIPRES": null,
                        "numAutorizacion": "260260524",
                        "codProcedimiento": "893825",
                        "viaIngresoServicioSalud": "",
                        "modalidadGrupoServicioTecSal": "",
                        "grupoServicios": null,
                        "codServicio": null,
                        "finalidadTecnologiaSalud": "15",
                        "tipoDocumentoIdentificacion": "CC",
                        "numDocumentoIdentificacion": "1112883280",
                        "codDiagnosticoPrincipal": "J46X",
                        "codDiagnosticoRelacionado": "J46X",
                        "codComplicacion": "",
                        "vrServicio": 87702,
                        "conceptoRecaudo": null,
                        "valorPagoModerador": 0,
                        "numFEVPagoModerador": null,
                        "consecutivo": 55
                    }
                ]
            }
        }
    ]
}